{"cameraMode":{"drawMode":0,"name":"Shaded","section":"Shading Mode"},"sceneLighting":true,"audioPlay":false,"sceneViewState":{"m_AlwaysRefresh":false,"showFog":true,"showSkybox":true,"showFlares":true,"showImageEffects":true,"showParticleSystems":true,"showVisualEffectGraphs":true,"m_FxEnabled":true},"in2DMode":false,"pivot":{"x":730.547119140625,"y":1808.201416015625,"z":174.6603546142578},"rotation":{"x":0.12357014417648316,"y":-0.013396364636719227,"z":0.001668507931753993,"w":0.9922483563423157},"size":235.2574462890625,"orthographic":false}