{"cameraMode":{"drawMode":0,"name":"Shaded","section":"Shading Mode"},"sceneLighting":false,"audioPlay":false,"sceneViewState":{"m_AlwaysRefresh":false,"showFog":true,"showSkybox":false,"showFlares":true,"showImageEffects":true,"showParticleSystems":true,"showVisualEffectGraphs":true,"m_FxEnabled":true},"in2DMode":false,"pivot":{"x":0.001405477523803711,"y":0.9242171049118042,"z":-0.02254277467727661},"rotation":{"x":0.3536572754383087,"y":0.10576973855495453,"z":-0.04026126489043236,"w":0.9285343885421753},"size":1.4466387033462525,"orthographic":false}