{"cameraMode":{"drawMode":0,"name":"Shaded","section":"Shading Mode"},"sceneLighting":false,"audioPlay":false,"sceneViewState":{"m_AlwaysRefresh":false,"showFog":true,"showSkybox":false,"showFlares":true,"showImageEffects":true,"showParticleSystems":true,"showVisualEffectGraphs":true,"m_FxEnabled":true},"in2DMode":false,"pivot":{"x":-300.75421142578127,"y":113.54685974121094,"z":70.58155059814453},"rotation":{"x":0.42911186814308169,"y":-0.1847143918275833,"z":0.09011705219745636,"w":0.8795592188835144},"size":1867.9395751953125,"orthographic":false}