{"cameraMode":{"drawMode":0,"name":"Shaded","section":"Shading Mode"},"sceneLighting":false,"audioPlay":false,"sceneViewState":{"m_AlwaysRefresh":false,"showFog":true,"showSkybox":false,"showFlares":true,"showImageEffects":true,"showParticleSystems":true,"showVisualEffectGraphs":true,"m_FxEnabled":true},"in2DMode":false,"pivot":{"x":6.600697994232178,"y":0.5973585844039917,"z":19.296741485595704},"rotation":{"x":0.41467276215553286,"y":0.22382423281669618,"z":-0.10594840347766876,"w":0.8757749199867249},"size":2.4191043376922609,"orthographic":false}