{"cameraMode":{"drawMode":0,"name":"Shaded","section":"Shading Mode"},"sceneLighting":false,"audioPlay":false,"sceneViewState":{"m_AlwaysRefresh":false,"showFog":true,"showSkybox":false,"showFlares":true,"showImageEffects":true,"showParticleSystems":true,"showVisualEffectGraphs":true,"m_FxEnabled":true},"in2DMode":false,"pivot":{"x":-3.1286678314208986,"y":1.6427054405212403,"z":36.45668029785156},"rotation":{"x":0.2697138488292694,"y":-0.08680252730846405,"z":0.02447057142853737,"w":0.9588385820388794},"size":0.0014997331891208888,"orthographic":false}